filename,total
titanic.mid,1921
imagine.mid,1864
1.mid,1852
friends.mid,1577
music.mid,1431
mission.mid,1390
love.mid,1264
xfiles.mid,1221
2.mid,1131
CoolPage.wav,1083
wind.mid,1040
3.mid,999
candle.mid,975
welcome.wav,969
01.mid,947
angel.mid,938
hero.mid,937
avemaria.mid,890
4.mid,857
thedance.mid,856
song.mid,846
10.mid,814
yesterday.mid,814
dreams.mid,809
crazy.mid,802
5.mid,795
memory.mid,782
starwars.mid,775
undersea.mid,764
rainbow.mid,755
america.mid,724
heart.mid,720
12.mid,716
11.mid,715
dream.mid,708
2001.mid,697
tears.mid,685
stairway.mid,684
therose.mid,675
6.mid,660
always.mid,660
musicbox.mid,652
02.mid,650
untitled.mid,649
7.mid,643
cheers.mid,640
myheart.mid,639
peanuts.mid,628
canon.mid,627
midi.mid,615
