filename,extension,total
serv,gif,18529564
visit.gif,gif,2730368
counter.gif,gif,185804
online,gif,149722
default.jpg,jpg,105263
logo.gif,gif,87221
1.jpg,jpg,77145
hqdefault.jpg,jpg,70926
home.gif,gif,65930
spacer.gif,gif,63343
back.gif,gif,62142
2.jpg,jpg,60153
email.gif,gif,55272
image001.jpg,jpg,53436
3.jpg,jpg,53354
logo.jpg,jpg,52068
image001.gif,gif,49054
4.jpg,jpg,47616
new.gif,gif,47456
img,jpg,45495
show,gif,44080
5.jpg,jpg,42863
image002.jpg,jpg,41634
10.jpg,jpg,40745
11.jpg,jpg,39099
6.jpg,jpg,38541
image002.gif,gif,36443
banner.gif,gif,36390
12.jpg,jpg,35959
1.gif,gif,35767
7.jpg,jpg,34767
next.gif,gif,33956
links.gif,gif,33518
welcome.gif,gif,33360
bg.gif,gif,32406
mail.gif,gif,32106
13.jpg,jpg,31663
8.jpg,jpg,31654
glean.gif,gif,30297
image003.gif,gif,29927
14.jpg,jpg,29443
2.gif,gif,28914
01.jpg,jpg,28792
banner.jpg,jpg,28790
9.jpg,jpg,28787
img0.gif,gif,28506
back.jpg,jpg,28202
image004.jpg,jpg,28149
15.jpg,jpg,27752
bg.jpg,jpg,27245
home.jpg,jpg,26483
title.gif,gif,26083
image003.jpg,jpg,25843
img1.gif,gif,25833
counter.php,gif,25630
02.jpg,jpg,25400
background.jpg,jpg,25343
16.jpg,jpg,25291
3.gif,gif,25215
image004.gif,gif,25180
favicon.ico,ico,24921
03.jpg,jpg,23721
img2.gif,gif,23570
17.jpg,jpg,23512
0.gif,gif,23237
4.gif,gif,22374
04.jpg,jpg,22145
18.jpg,jpg,22059
img3.gif,gif,21190
links.jpg,jpg,21139
background.gif,gif,21044
star.gif,gif,21039
05.jpg,jpg,20831
image006.jpg,jpg,20811
19.jpg,jpg,20524
5.gif,gif,20140
20.jpg,jpg,20079
meter.asp,gif,20012
06.jpg,jpg,19037
img4.gif,gif,19004
image005.gif,gif,18920
enter.gif,gif,18899
21.jpg,jpg,18545
22.jpg,jpg,18438
image005.jpg,jpg,18407
title.jpg,jpg,18307
top.gif,gif,18223
line.gif,gif,18041
gc_icon.gif,gif,17918
07.jpg,jpg,17810
6.gif,gif,17411
blank.gif,gif,17080
img5.gif,gif,16989
08.jpg,jpg,16871
image006.gif,gif,16770
image008.jpg,jpg,16763
23.jpg,jpg,16618
24.jpg,jpg,15716
09.jpg,jpg,15651
7.gif,gif,15529
_blnk.gif,gif,15326
img6.gif,gif,15148
image007.jpg,jpg,14782
25.jpg,jpg,14781
NA,gif,14672
8.gif,gif,14446
10.gif,gif,14188
news.gif,gif,14094
001.jpg,jpg,14004
img7.gif,gif,13856
logo2.gif,gif,13726
top.jpg,jpg,13657
11.gif,gif,13625
26.jpg,jpg,13605
image010.jpg,jpg,13589
bullet.gif,gif,13586
me.jpg,jpg,13537
image007.gif,gif,13234
ot_noscript.gif,gif,13178
space.gif,gif,13019
email.jpg,jpg,12882
27.jpg,jpg,12705
9.gif,gif,12705
NA,jpg,12677
img8.gif,gif,12608
bar.gif,gif,12484
logo1.gif,gif,12451
12.gif,gif,12445
heart.gif,gif,12425
image009.jpg,jpg,12331
image008.gif,gif,12269
enter.jpg,jpg,12261
a.gif,gif,12189
28.jpg,jpg,12124
002.jpg,jpg,12055
header.jpg,jpg,11969
arrow.gif,gif,11726
guestbook.gif,gif,11710
flag.gif,gif,11673
29.jpg,jpg,11666
img9.gif,gif,11658
t.gif,gif,11586
fondo.jpg,jpg,11555
image012.jpg,jpg,11465
button.gif,gif,11418
30.jpg,jpg,11371
003.jpg,jpg,11210
stars.gif,gif,11163
main.jpg,jpg,11087
img10.gif,gif,11079
link.gif,gif,10880
31.jpg,jpg,10864
004.jpg,jpg,10612
13.gif,gif,10579
33.jpg,jpg,10550
c.gif,gif,10463
01.gif,gif,10388
index.jpg,jpg,10385
contact.gif,gif,10383
img11.gif,gif,10352
32.jpg,jpg,10262
Count.cgi,gif,10203
banner1.gif,gif,10170
image011.jpg,jpg,10114
menu.gif,gif,9979
ball.gif,gif,9867
new2.gif,gif,9851
mailbox.gif,gif,9821
header.gif,gif,9793
image009.gif,gif,9777
14.gif,gif,9721
welcome.jpg,jpg,9716
005.jpg,jpg,9699
img12.gif,gif,9611
left.gif,gif,9538
ot_adserved.gif,gif,9533
book.gif,gif,9519
ot_smallframe.gif,gif,9509
fondo.gif,gif,9491
banner2.gif,gif,9441
image014.jpg,jpg,9421
34.jpg,jpg,9403
image010.gif,gif,9347
next.jpg,jpg,9254
006.jpg,jpg,9192
clearpixel.gif,gif,9165
prev.gif,gif,9162
b.gif,gif,9133
img13.gif,gif,9114
15.gif,gif,9112
previous.gif,gif,9088
e.gif,gif,8971
35.jpg,jpg,8958
007.jpg,jpg,8938
02.gif,gif,8920
music.gif,gif,8920
sign.gif,gif,8916
gu_1.jpg,jpg,8830
news.jpg,jpg,8805
right.gif,gif,8637
img14.gif,gif,8563
s.gif,gif,8556
36.jpg,jpg,8532
image013.jpg,jpg,8467
updated.gif,gif,8464
dot.gif,gif,8315
16.gif,gif,8234
008.jpg,jpg,8163
up.gif,gif,8153
connect.cgi,gif,8134
logo2.jpg,jpg,8130
img15.gif,gif,8122
image016.jpg,jpg,8100
index.gif,gif,8068
010.jpg,jpg,7923
main.gif,gif,7918
i.gif,gif,7903
03.gif,gif,7882
37.jpg,jpg,7812
009.jpg,jpg,7798
flower.gif,gif,7793
17.gif,gif,7782
bar.jpg,jpg,7775
serv.gif,gif,7762
banner2.jpg,jpg,7670
img16.gif,gif,7669
snow.gif,gif,7663
image011.gif,gif,7631
Image1.jpg,jpg,7600
38.jpg,jpg,7527
011.jpg,jpg,7524
bg1.gif,gif,7485
family.jpg,jpg,7456
email1.gif,gif,7436
fire.gif,gif,7423
18.gif,gif,7414
logo1.jpg,jpg,7387
pic1.jpg,jpg,7372
image012.gif,gif,7369
e-mail.gif,gif,7325
transparent.gif,gif,7312
smile.gif,gif,7287
40.jpg,jpg,7258
blue.gif,gif,7238
img17.gif,gif,7223
a.jpg,jpg,7196
04.gif,gif,7195
email2.gif,gif,7176
search.gif,gif,7175
contact.jpg,jpg,7172
banner1.jpg,jpg,7165
blnk.gif,gif,7160
Image1.gif,gif,7133
39.jpg,jpg,7124
about.gif,gif,7119
bg1.jpg,jpg,7106
20.gif,gif,7094
image015.jpg,jpg,7085
012.jpg,jpg,7017
sign.jpg,jpg,6988
image018.jpg,jpg,6985
home2.gif,gif,6984
view.gif,gif,6972
back1.gif,gif,6966
home1.gif,gif,6957
41.jpg,jpg,6915
img18.gif,gif,6910
cat.gif,gif,6876
menu.jpg,jpg,6868
map.gif,gif,6864
bottom.gif,gif,6851
blue.jpg,jpg,6836
info.gif,gif,6819
42.jpg,jpg,6779
19.gif,gif,6773
22.gif,gif,6766
bg2.gif,gif,6746
clear.gif,gif,6728
21.gif,gif,6722
new1.gif,gif,6711
44.jpg,jpg,6701
l.gif,gif,6687
img19.gif,gif,6632
download.gif,gif,6623
group.jpg,jpg,6577
bg2.jpg,jpg,6567
d.gif,gif,6564
back2.gif,gif,6554
05.gif,gif,6538
index.php,png,6531
013.jpg,jpg,6524
pic2.jpg,jpg,6497
cover.jpg,jpg,6484
r.gif,gif,6470
line1.gif,gif,6468
n.gif,gif,6457
ir,gif,6442
o.gif,gif,6427
chat.gif,gif,6420
button1.gif,gif,6404
43.jpg,jpg,6342
m.gif,gif,6340
b.jpg,jpg,6332
images.jpg,jpg,6252
rose.gif,gif,6248
yahoo.gif,gif,6235
shim.gif,gif,6217
014.jpg,jpg,6180
img20.gif,gif,6177
Image2.gif,gif,6166
logo3.gif,gif,6142
image017.jpg,jpg,6137
45.jpg,jpg,6118
toolbar2.gif,gif,6110
angel.gif,gif,6089
button2.gif,gif,6084
map.jpg,jpg,6073
image014.gif,gif,6054
015.jpg,jpg,6053
1.JPG,jpg,6038
join.gif,gif,6025
image013.gif,gif,6011
img21.gif,gif,5967
image020.jpg,jpg,5965
23.gif,gif,5945
xslide1.gif,gif,5889
001.gif,gif,5888
clouds.jpg,jpg,5869
p.gif,gif,5860
img22.gif,gif,5825
06.gif,gif,5814
016.jpg,jpg,5781
main.php,jpg,5775
view.jpg,jpg,5753
pixel.gif,gif,5748
Image3.gif,gif,5736
colorbar.gif,gif,5710
24.gif,gif,5693
xslide2.gif,gif,5687
flame.gif,gif,5672
Image2.jpg,jpg,5658
46.jpg,jpg,5636
b1.gif,gif,5621
counter.php,png,5614
modules.php,jpg,5607
b1.jpg,jpg,5592
angel.jpg,jpg,5586
rainbow.gif,gif,5582
img23.gif,gif,5569
update.gif,gif,5538
button.jpg,jpg,5498
g.gif,gif,5487
h.gif,gif,5471
welcome1.gif,gif,5464
2.JPG,jpg,5450
47.jpg,jpg,5447
netscape.gif,gif,5446
07.gif,gif,5432
untitled.bmp,bmp,5381
50.jpg,jpg,5338
left.jpg,jpg,5316
48.jpg,jpg,5315
017.jpg,jpg,5292
img24.gif,gif,5285
stars.jpg,jpg,5282
usa.gif,gif,5270
image019.jpg,jpg,5262
gallery.gif,gif,5241
sun.gif,gif,5241
a1.jpg,jpg,5237
sunset.jpg,jpg,5231
line2.gif,gif,5222
button2.jpg,jpg,5209
image022.jpg,jpg,5183
25.gif,gif,5160
welcome2.gif,gif,5156
pic3.jpg,jpg,5142
black.gif,gif,5119
globe.gif,gif,5087
index.1.jpg,jpg,5083
Home.gif,gif,5065
b2.jpg,jpg,5051
guestbook.jpg,jpg,5037
08.gif,gif,5036
image015.gif,gif,5034
mail.jpg,jpg,5031
sky.jpg,jpg,5030
51.jpg,jpg,5019
img25.gif,gif,5019
link.jpg,jpg,5016
button1.jpg,jpg,5009
018.jpg,jpg,5004
line.jpg,jpg,5001
earth.gif,gif,4999
icon.gif,gif,4994
photo.gif,gif,4981
3.JPG,jpg,4957
love.gif,gif,4953
head.gif,gif,4943
c.jpg,jpg,4940
front.jpg,jpg,4938
019.jpg,jpg,4935
construction.gif,gif,4926
Image3.jpg,jpg,4920
49.jpg,jpg,4910
b2.gif,gif,4910
me.gif,gif,4910
custom-disabled-linking-img.gif,gif,4898
head.jpg,jpg,4892
foto1.jpg,jpg,4864
girl.gif,gif,4861
image016.gif,gif,4856
image.php,jpg,4839
camera.gif,gif,4832
img26.gif,gif,4806
divider.gif,gif,4803
back1.jpg,jpg,4793
002.gif,gif,4787
f.gif,gif,4785
26.gif,gif,4775
p1.jpg,jpg,4758
exptextb.jpg,jpg,4749
cool.gif,gif,4748
banner3.gif,gif,4746
back2.jpg,jpg,4744
IMAG0000.GIF,gif,4734
fundo.jpg,jpg,4722
go.gif,gif,4717
index.1.gif,gif,4717
untitled.jpg,jpg,4708
candle.gif,gif,4706
52.jpg,jpg,4702
bottom.jpg,jpg,4700
020.jpg,jpg,4694
55.jpg,jpg,4689
image021.jpg,jpg,4675
butterfly.gif,gif,4673
blegtext.gif,gif,4662
award.gif,gif,4656
hot.gif,gif,4638
img27.gif,gif,4637
friends.jpg,jpg,4626
emailed.gif,gif,4617
09.gif,gif,4606
dog.gif,gif,4595
rose.jpg,jpg,4592
w.gif,gif,4558
image024.jpg,jpg,4551
Logo.jpg,jpg,4535
down.gif,gif,4526
Image4.gif,gif,4517
53.jpg,jpg,4508
a2.jpg,jpg,4502
red.gif,gif,4500
clock.gif,gif,4496
button3.gif,gif,4489
redball.gif,gif,4481
4.JPG,jpg,4474
27.gif,gif,4473
button3.jpg,jpg,4473
003.gif,gif,4467
021.jpg,jpg,4452
d.jpg,jpg,4444
img28.gif,gif,4436
022.jpg,jpg,4421
photo.jpg,jpg,4415
geocities.gif,gif,4391
titulo.gif,gif,4390
pic4.jpg,jpg,4382
30.gif,gif,4375
image1.jpg,jpg,4338
54.jpg,jpg,4336
black.jpg,jpg,4324
28.gif,gif,4316
foto2.jpg,jpg,4309
p2.jpg,jpg,4296
img29.gif,gif,4281
Image4.jpg,jpg,4280
star.jpg,jpg,4274
vote.gif,gif,4263
tree.gif,gif,4243
water.jpg,jpg,4237
31.gif,gif,4234
house.gif,gif,4221
56.jpg,jpg,4208
green.gif,gif,4208
bg3.gif,gif,4203
about.jpg,jpg,4181
check.gif,gif,4173
img30.gif,gif,4166
right.jpg,jpg,4156
a1.gif,gif,4154
frontpag.gif,gif,4150
img1.jpg,jpg,4134
red.jpg,jpg,4131
image017.gif,gif,4117
star2.gif,gif,4113
lo-025.gif,gif,4109
023.jpg,jpg,4095
33.gif,gif,4095
image018.gif,gif,4094
music.jpg,jpg,4094
nextdis.gif,gif,4093
004.gif,gif,4090
29.gif,gif,4089
ie.gif,gif,4088
beach.jpg,jpg,4084
b3.jpg,jpg,4082
Image5.gif,gif,4081
prevdis.gif,gif,4077
photos.gif,gif,4076
green.jpg,jpg,4059
sumtextb.jpg,jpg,4044
friends.gif,gif,4041
image023.jpg,jpg,4041
cross.gif,gif,4010
star1.gif,gif,4009
5.JPG,jpg,4008
moon.gif,gif,3984
gallery.jpg,jpg,3982
trans.gif,gif,3974
Logo.gif,gif,3973
guest.gif,gif,3972
baby.jpg,jpg,3954
award.jpg,jpg,3952
fish.gif,gif,3948
img31.gif,gif,3929
image026.jpg,jpg,3924
button4.gif,gif,3909
dove.gif,gif,3901
smiley.gif,gif,3900
world.gif,gif,3897
57.jpg,jpg,3877
024.jpg,jpg,3875
0.jpg,jpg,3866
c1.jpg,jpg,3866
house.jpg,jpg,3863
32.gif,gif,3861
name.gif,gif,3859
IMAG0001.GIF,gif,3855
b3.gif,gif,3829
a3.jpg,jpg,3828
dogrun.gif,gif,3816
new.jpg,jpg,3815
e.jpg,jpg,3808
links2.gif,gif,3803
skull.gif,gif,3791
img32.gif,gif,3787
profile.gif,gif,3786
60.jpg,jpg,3781
025.jpg,jpg,3780
image2.jpg,jpg,3769
Image5.jpg,jpg,3763
f1.jpg,jpg,3751
intro.jpg,jpg,3745
pic5.jpg,jpg,3743
58.jpg,jpg,3736
index_01.gif,gif,3736
mail2.gif,gif,3734
u.gif,gif,3731
p3.jpg,jpg,3724
splash.jpg,jpg,3720
foto.jpg,jpg,3719
Links.gif,gif,3700
k.gif,gif,3687
bar1.gif,gif,3680
mouse.gif,gif,3670
img33.gif,gif,3666
banner3.jpg,jpg,3664
new3.gif,gif,3650
button4.jpg,jpg,3637
torch.gif,gif,3637
Image6.gif,gif,3631
undercon.gif,gif,3631
barra.gif,gif,3618
img2.jpg,jpg,3613
61.jpg,jpg,3612
index_02.gif,gif,3610
image025.jpg,jpg,3603
pic.jpg,jpg,3603
logo.JPG,jpg,3593
005.gif,gif,3591
index_04.gif,gif,3590
flower.jpg,jpg,3581
y.gif,gif,3574
111.jpg,jpg,3563
026.jpg,jpg,3554
eye.gif,gif,3552
10.JPG,jpg,3542
f.jpg,jpg,3535
m1.jpg,jpg,3534
62.jpg,jpg,3527
foto3.jpg,jpg,3527
59.jpg,jpg,3526
bullet2.gif,gif,3524
image028.jpg,jpg,3522
image1.gif,gif,3517
history.gif,gif,3514
Image6.jpg,jpg,3508
a2.gif,gif,3507
logo4.gif,gif,3507
6.JPG,jpg,3499
x.gif,gif,3479
11.JPG,jpg,3477
34.gif,gif,3477
bg3.jpg,jpg,3459
image020.gif,gif,3459
img34.gif,gif,3455
c2.jpg,jpg,3451
image.jpg,jpg,3437
mail1.gif,gif,3429
logo3.jpg,jpg,3428
background2.jpg,jpg,3427
getacro.gif,gif,3421
image019.gif,gif,3421
027.jpg,jpg,3416
eyes.gif,gif,3407
photo1.jpg,jpg,3403
note.gif,gif,3395
66.jpg,jpg,3393
100.jpg,jpg,3392
dragon.gif,gif,3375
a4.jpg,jpg,3373
pictures.gif,gif,3371
b4.jpg,jpg,3363
flag.jpg,jpg,3358
me2.jpg,jpg,3356
intro.gif,gif,3348
bar2.gif,gif,3347
img3.jpg,jpg,3346
s1.jpg,jpg,3343
aniheart.gif,gif,3342
img35.gif,gif,3339
bluedot.gif,gif,3338
title2.gif,gif,3336
b4.gif,gif,3334
Image7.gif,gif,3325
index_03.gif,gif,3321
007.gif,gif,3319
7.JPG,jpg,3319
google.gif,gif,3314
space.jpg,jpg,3309
button5.jpg,jpg,3308
c1.gif,gif,3305
titulo.jpg,jpg,3298
g.jpg,jpg,3297
links1.gif,gif,3296
cat.jpg,jpg,3295
64.jpg,jpg,3281
63.jpg,jpg,3273
101.jpg,jpg,3272
Email.gif,gif,3270
Image8.gif,gif,3270
tree.jpg,jpg,3270
vspacer.gif,gif,3269
fire.jpg,jpg,3268
35.gif,gif,3264
banner4.gif,gif,3263
p4.jpg,jpg,3248
12.JPG,jpg,3247
image027.jpg,jpg,3240
index_05.gif,gif,3234
006.gif,gif,3233
line3.gif,gif,3229
forum.gif,gif,3221
click.gif,gif,3220
ribbon.gif,gif,3219
correo.gif,gif,3216
flash.gif,gif,3216
123.jpg,jpg,3215
icq.gif,gif,3214
NA,png,3213
wall.jpg,jpg,3207
home2.jpg,jpg,3202
image3.jpg,jpg,3196
bullet1.gif,gif,3195
image2.gif,gif,3194
f2.jpg,jpg,3191
pic6.jpg,jpg,3187
img36.gif,gif,3185
028.jpg,jpg,3184
Home.jpg,jpg,3179
1a.jpg,jpg,3177
books.gif,gif,3169
36.gif,gif,3167
photo2.jpg,jpg,3164
65.jpg,jpg,3158
dragon.jpg,jpg,3151
Links.jpg,jpg,3145
chris.jpg,jpg,3144
button5.gif,gif,3136
image030.jpg,jpg,3136
fundo.gif,gif,3135
s2.jpg,jpg,3134
aboutme.gif,gif,3131
bear.gif,gif,3131
index_01.jpg,jpg,3129
m.jpg,jpg,3126
car.jpg,jpg,3125
c.count,gif,3124
index_02.jpg,jpg,3121
uk.gif,gif,3120
dance.gif,gif,3119
flecha.gif,gif,3119
home1.jpg,jpg,3117
book.jpg,jpg,3114
love.jpg,jpg,3104
img37.gif,gif,3103
nuevo.gif,gif,3101
fondo1.jpg,jpg,3100
construc.gif,gif,3096
029.jpg,jpg,3087
baby.gif,gif,3084
back3.gif,gif,3083
info.jpg,jpg,3081
img4.jpg,jpg,3077
fondo2.jpg,jpg,3076
clouds.gif,gif,3075
index_06.gif,gif,3067
m2.jpg,jpg,3066
h.jpg,jpg,3040
group1.jpg,jpg,3039
nabkgnd.jpg,jpg,3037
bio.jpg,jpg,3035
white.gif,gif,3030
group2.jpg,jpg,3028
Banner.jpg,jpg,3016
img38.gif,gif,2999
white.jpg,jpg,2994
b5.jpg,jpg,2990
67.jpg,jpg,2986
030.jpg,jpg,2985
foto4.jpg,jpg,2982
8.JPG,jpg,2978
70.jpg,jpg,2975
Image7.jpg,jpg,2971
amazon.gif,gif,2970
cd.gif,gif,2970
button6.jpg,jpg,2966
c2.gif,gif,2956
gb.gif,gif,2956
rainbow.jpg,jpg,2953
kiss.jpg,jpg,2951
img39.gif,gif,2947
top1.gif,gif,2939
canada.gif,gif,2938
37.gif,gif,2933
awards.gif,gif,2933
pictures.jpg,jpg,2928
bio.gif,gif,2926
102.jpg,jpg,2922
ring.gif,gif,2916
logo.png,png,2911
english.gif,gif,2910
71.jpg,jpg,2909
t1.jpg,jpg,2908
webring.gif,gif,2904
speaker.gif,gif,2900
start.jpg,jpg,2900
email3.gif,gif,2898
image022.gif,gif,2898
00.jpg,jpg,2888
011.gif,gif,2886
69.jpg,jpg,2886
moon.jpg,jpg,2885
40.gif,gif,2883
family.gif,gif,2879
poster.jpg,jpg,2876
background1.jpg,jpg,2875
68.jpg,jpg,2872
portada.jpg,jpg,2867
Welcome.gif,gif,2863
bloodbar.gif,gif,2861
homepage.gif,gif,2861
apple.gif,gif,2857
v.gif,gif,2856
img5.jpg,jpg,2851
008.gif,gif,2847
44.gif,gif,2844
title1.gif,gif,2844
mike.jpg,jpg,2843
p1.gif,gif,2842
Image9.gif,gif,2840
13.JPG,jpg,2838
a5.jpg,jpg,2836
usflag.gif,gif,2835
image032.jpg,jpg,2831
wedding.jpg,jpg,2829
band.jpg,jpg,2826
t2.jpg,jpg,2825
010.gif,gif,2816
stop.gif,gif,2813
img40.gif,gif,2800
marble.jpg,jpg,2799
Banner.gif,gif,2789
bird.gif,gif,2789
c3.jpg,jpg,2787
9.JPG,jpg,2782
image029.jpg,jpg,2779
kitty.gif,gif,2778
Image10.gif,gif,2771
image021.gif,gif,2771
032.jpg,jpg,2761
IMAG0002.GIF,gif,2760
untitled.JPG,jpg,2759
index_07.gif,gif,2757
kids.jpg,jpg,2744
profile.jpg,jpg,2743
cloud.gif,gif,2730
index.php,jpg,2718
fish.jpg,jpg,2694
s.jpg,jpg,2694
p5.jpg,jpg,2693
b5.gif,gif,2686
m3.jpg,jpg,2685
toolbar-check.gif,gif,2679
pink.gif,gif,2678
arttilea.jpg,jpg,2664
purple.jpg,jpg,2660
031.jpg,jpg,2658
face.jpg,jpg,2653
list.gif,gif,2642
contador.cgi,gif,2640
blueline.gif,gif,2634
43.gif,gif,2632
image001.png,png,2631
ads_nonssi.pl,gif,2628
br.gif,gif,2627
proxy,jpg,2619
emailme.gif,gif,2601
Image8.jpg,jpg,2589
index_04.jpg,jpg,2588
copyright.gif,gif,2587
72.jpg,jpg,2564
image3.gif,gif,2563
sky.gif,gif,2562
pic7.jpg,jpg,2545
yellow.gif,gif,2530
033.jpg,jpg,2529
39.gif,gif,2522
photos.jpg,jpg,2515
button7.jpg,jpg,2511
phone.gif,gif,2503
0001.jpg,jpg,2499
42.gif,gif,2498
help.gif,gif,2498
img41.gif,gif,2497
012.gif,gif,2487
text.gif,gif,2484
formatblock-menu-icons.gif,gif,2483
david.jpg,jpg,2475
Animation1.gif,gif,2471
index.2.jpg,jpg,2465
computer.gif,gif,2456
103.jpg,jpg,2446
index_03.jpg,jpg,2445
img42.gif,gif,2438
smile.jpg,jpg,2434
devil.gif,gif,2420
index_08.gif,gif,2409
ban,gif,2404
boy.gif,gif,2392
034.jpg,jpg,2391
robots.txt,gif,2388
cittext.gif,gif,2384
3demail.gif,gif,2362
pageme.gif,gif,2361
104.jpg,jpg,2356
38.gif,gif,2341
112.jpg,jpg,2318
m1.gif,gif,2313
index_09.gif,gif,2309
14.JPG,jpg,2305
icon_pdf.gif,gif,2304
topleft.gif,gif,2285
77.jpg,jpg,2270
009.gif,gif,2268
41.gif,gif,2260
girl.jpg,jpg,2258
73.jpg,jpg,2246
church.jpg,jpg,2244
footer.gif,gif,2233
car.gif,gif,2225
Image10.jpg,jpg,2221
check-outline.gif,gif,2203
count.pl,png,2202
foto5.jpg,jpg,2197
Image11.gif,gif,2191
flowers.jpg,jpg,2182
hand.gif,gif,2180
title2.jpg,jpg,2179
happy.gif,gif,2176
image024.gif,gif,2169
play.gif,gif,2153
image023.gif,gif,2146
bg4.gif,gif,2144
a3.gif,gif,2130
paper.gif,gif,2123
heart.jpg,jpg,2121
a6.jpg,jpg,2117
index_05.jpg,jpg,2082
j.gif,gif,2060
icon_word.gif,gif,2050
icon_page.gif,gif,2042
aniGif.gif,gif,2038
dimension-highlighted.png,png,2030
icon_img.gif,gif,2025
dimension-unhighlighted.png,png,2024
button6.gif,gif,2021
icon_close.gif,gif,2020
toolbar_bg.gif,gif,2020
button-bg.gif,gif,2018
I-ltr.png,png,2017
icon_ppt.gif,gif,2007
forward.gif,gif,2004
icon_sprites.gif,gif,2000
fotos.gif,gif,1999
tree_ltr.gif,gif,1988
img6.jpg,jpg,1980
girls.jpg,jpg,1976
s3.jpg,jpg,1966
image034.jpg,jpg,1953
035.jpg,jpg,1952
star3.gif,gif,1942
addme.gif,gif,1938
img44.gif,gif,1937
john.jpg,jpg,1932
bb.jpg,jpg,1926
105.jpg,jpg,1923
kiss.gif,gif,1923
ring.jpg,jpg,1916
me1.jpg,jpg,1915
p2.gif,gif,1907
c4.jpg,jpg,1906
homebutton.gif,gif,1901
tiger.gif,gif,1900
wallpaper.jpg,jpg,1892
Back.gif,gif,1889
50.gif,gif,1871
icon_xls.gif,gif,1833
next1.gif,gif,1825
xslide42.gif,gif,1820
toolbar_icons.gif,gif,1819
74.jpg,jpg,1818
index.2.gif,gif,1813
bargrad.png,png,1804
img43.gif,gif,1801
h1.gif,gif,1799
image4.jpg,jpg,1784
Image9.jpg,jpg,1773
15.JPG,jpg,1768
close.gif,gif,1768
111.gif,gif,1750
75.jpg,jpg,1745
button8.jpg,jpg,1744
image031.jpg,jpg,1738
s1.gif,gif,1738
c3.gif,gif,1737
tv.gif,gif,1730
Image12.gif,gif,1724
pics.gif,gif,1723
i.jpg,jpg,1722
76.jpg,jpg,1721
alex.jpg,jpg,1713
linea.gif,gif,1707
background1.gif,gif,1705
btn_lgn.gif,gif,1699
pink.jpg,jpg,1697
enter1.gif,gif,1695
gbook.gif,gif,1693
bl.gif,gif,1687
blueball.gif,gif,1657
f3.jpg,jpg,1598
getchart,png,1585
pic10.jpg,jpg,1568
k.jpg,jpg,1559
IMAG0000.JPG,jpg,1558
query.cgi,gif,1539
photo3.jpg,jpg,1532
untitled.gif,gif,1531
water.gif,gif,1529
45.gif,gif,1517
l.jpg,jpg,1515
backgrnd.gif,gif,1504
snow.jpg,jpg,1472
monkey.gif,gif,1470
img46.gif,gif,1464
paper.jpg,jpg,1461
88.jpg,jpg,1460
img45.gif,gif,1453
036.jpg,jpg,1434
c.g,gif,1387
freewebhosting.webhosting.asis,gif,1357
index_11.gif,gif,1337
slidbar.gif,gif,1336
2a.jpg,jpg,1327
end.jpg,jpg,1299
light.gif,gif,1288
Image11.jpg,jpg,1287
d1.jpg,jpg,1287
link2.gif,gif,1282
envelope.gif,gif,1274
logo5.gif,gif,1273
honesty-counter.cgi,gif,1264
3a.jpg,jpg,1248
80.jpg,jpg,1242
pic.php,jpg,1232
icon1.gif,gif,1231
index_06.jpg,jpg,1180
pic8.jpg,jpg,1168
index_10.gif,gif,1163
entrar.gif,gif,1145
bb.gif,gif,1134
013.gif,gif,1128
view.asp,gif,1099
bandera.gif,gif,1096
t1.gif,gif,1096
proxy,png,1094
cat2.gif,gif,1093
link1.gif,gif,1091
geo.gif,gif,1086
bridge.jpg,jpg,1081
cnt,gif,1079
face.gif,gif,1078
b6.jpg,jpg,1076
110.jpg,jpg,1075
0002.jpg,jpg,1073
g1.jpg,jpg,1065
p6.jpg,jpg,1063
history.jpg,jpg,1062
dog.jpg,jpg,1053
side.jpg,jpg,1053
106.jpg,jpg,1050
b6.gif,gif,1044
46.gif,gif,1041
1x1.gif,gif,1034
frog.gif,gif,1034
m2.gif,gif,1034
78.jpg,jpg,1028
img47.gif,gif,1027
icon_gadget_tools_dark.gif,gif,1026
m4.jpg,jpg,1019
81.jpg,jpg,1018
web.gif,gif,1013
IMAG0001.JPG,jpg,925
inicio.gif,gif,896
123.gif,gif,891
1-135x135.jpg,jpg,876
topright.gif,gif,871
image033.jpg,jpg,870
us.jpg,jpg,870
first.gif,gif,865
pic11.jpg,jpg,863
p.jpg,jpg,862
background2.gif,gif,856
yahoo_sp_go.gif,gif,855
footer.jpg,jpg,853
h2.gif,gif,852
image036.jpg,jpg,849
ajbut1.gif,gif,848
index_12.gif,gif,845
img7.jpg,jpg,836
037.jpg,jpg,833
f4.jpg,jpg,832
bilde,jpg,829
homer.gif,gif,819
door.gif,gif,815
107.jpg,jpg,813
track.dll,gif,806
count.php,png,787
IMAG0002.JPG,jpg,703
index_07.jpg,jpg,684
pic9.jpg,jpg,682
t3.jpg,jpg,669
brasil.gif,gif,661
yahoo_sp3.gif,gif,649
Untitled-1.jpg,jpg,648
alien.gif,gif,643
index_13.gif,gif,640
line4.gif,gif,635
Background.jpg,jpg,633
aboutme.jpg,jpg,633
hit.xiti,gif,633
links2.jpg,jpg,633
040.jpg,jpg,631
j.jpg,jpg,629
banner.JPG,jpg,628
chain.gif,gif,627
folder.gif,gif,627
img48.gif,gif,623
mom.jpg,jpg,618
pic.gif,gif,617
bluline.gif,gif,614
welcome3.gif,gif,614
purple.gif,gif,608
woys.php,png,601
image.pxf,jpg,592
ImagesHandler.ashx,png,540
kubrickbg.gif,gif,492
kubrickbgcolor.gif,gif,492
favicon.ico,jpg,482
button10.jpg,jpg,475
kubrickheader.gif,gif,474
repoffline.gif,gif,468
01.JPG,jpg,459
image026.gif,gif,459
bar.dll,gif,455
chat.jpg,jpg,453
img10.jpg,jpg,451
IMAG0003.GIF,gif,450
t,png,448
verifyGD.php,jpg,443
55.gif,gif,441
0003.jpg,jpg,437
captcha.php,png,436
pic12.jpg,jpg,436
pics.jpg,jpg,436
s9.g,gif,435
d2.jpg,jpg,434
zertxtr.gif,gif,434
heart2.gif,gif,433
libro.gif,gif,433
Image14.gif,gif,432
boton.gif,gif,432
back3.jpg,jpg,431
109.jpg,jpg,430
Image13.gif,gif,430
q.gif,gif,430
038.jpg,jpg,429
16.JPG,jpg,429
a4.gif,gif,428
real.gif,gif,428
smiling.gif,gif,428
zoom.gif,gif,425
logo,gif,421
photo.php,jpg,421
sun.jpg,jpg,418
img50.gif,gif,414
chart.asp,gif,411
forum.jpg,jpg,411
prev.jpg,jpg,411
79.jpg,jpg,408
bluebar.gif,gif,406
index_08.jpg,jpg,405
pencil.gif,gif,405
indtextb.jpg,jpg,403
s4.jpg,jpg,402
art.jpg,jpg,399
108.jpg,jpg,398
cd.jpg,jpg,398
t2.gif,gif,397
z,png,294
kubrickfooter.gif,gif,285
ucp.php,png,282
wink.gif,gif,261
orange.gif,gif,259
a7.jpg,jpg,255
039.jpg,jpg,254
GOIM0001.GIF,gif,246
015.gif,gif,243
mapa.gif,gif,242
index_11.jpg,jpg,239
skin_fetch,jpg,239
041.jpg,jpg,237
loading.gif,gif,237
menu2.gif,gif,237
mp3.gif,gif,237
escudo.gif,gif,236
Charts,gif,235
button9.jpg,jpg,234
collage.jpg,jpg,234
mapa.jpg,jpg,234
v,png,233
018.gif,gif,231
New.gif,gif,228
image5.jpg,jpg,228
paul.jpg,jpg,226
top2.gif,gif,225
name.jpg,jpg,224
webclip.png,jpg,224
line5.gif,gif,221
aa.jpg,jpg,218
biggrin.gif,gif,218
eagle.gif,gif,217
notes.gif,gif,217
014.gif,gif,214
up1.gif,gif,212
warning.gif,gif,211
index_15.gif,gif,210
xout.gif,gif,210
92.jpg,jpg,209
twitterProfilePhoto_mini.jpg,png,209
spacer2.gif,gif,208
cd1.jpg,jpg,207
index_09.jpg,jpg,207
47.gif,gif,206
img49.gif,gif,206
members.gif,gif,206
navbarlogo,gif,206
navbarlogo,jpg,206
netnow3.gif,gif,206
school.jpg,jpg,206
016.gif,gif,205
bar3.gif,gif,205
bullet.jpg,jpg,205
cake.jpg,jpg,205
pic13.jpg,jpg,205
tongue.gif,gif,205
alf0815.gif,gif,204
f1.gif,gif,204
img11.jpg,jpg,204
photo4.jpg,jpg,204
pic1.gif,gif,203
image028.gif,gif,202
img53.gif,gif,202
constrct.gif,gif,201
g2.gif,gif,201
safe_image.php,jpg,201
bbs.gif,gif,200
img51.gif,gif,200
leaf.gif,gif,200
mark.jpg,jpg,200
money.gif,gif,200
underconstruction.gif,gif,200
z.gif,gif,200
042.jpg,jpg,199
img8.jpg,jpg,199
thanks.gif,gif,199
91.jpg,jpg,198
Image12.jpg,jpg,198
arrow1.gif,gif,197
butterfly.jpg,jpg,197
image025.gif,gif,197
faq.gif,gif,196
ThumbnailServer2,jpg,59
_1-m.jpg,jpg,58
russiamaps,gif,55
auralady.gif,gif,49
thumb1.jpg,jpg,45
BW.jpg,jpg,44
button14.jpg,jpg,40
online.gif,gif,37
thumb2.jpg,jpg,37
IMAG0003.JPG,jpg,36
button12.jpg,jpg,36
button18.jpg,jpg,36
COL.jpg,jpg,35
a10.jpg,jpg,35
button15.jpg,jpg,35
foto8.jpg,jpg,35
index_17.gif,gif,35
buzon.gif,gif,34
index_14.jpg,jpg,34
100.gif,gif,33
Back.jpg,jpg,33
button11.jpg,jpg,33
image038.jpg,jpg,33
thumb5.jpg,jpg,33
03.JPG,jpg,32
21.JPG,jpg,32
86.jpg,jpg,32
17.JPG,jpg,31
button13.jpg,jpg,31
button19.jpg,jpg,31
foto11.jpg,jpg,31
foto6.jpg,jpg,31
g2.jpg,jpg,31
r.jpg,jpg,31
thumb4.jpg,jpg,31
48.gif,gif,30
58.gif,gif,30
9392309.png,png,30
bg02.gif,gif,30
button17.jpg,jpg,30
eye.jpg,jpg,30
image029.gif,gif,30
link2.jpg,jpg,30
thumb3.jpg,jpg,30
18.JPG,jpg,29
22.JPG,jpg,29
4a.jpg,jpg,29
61.gif,gif,29
83.jpg,jpg,29
c4.gif,gif,29
image027.gif,gif,29
image040.jpg,jpg,29
party.jpg,jpg,29
rss-feed.png,png,29
Image13.jpg,jpg,28
banner4.jpg,jpg,28
bg01.gif,gif,28
buttons.gif,gif,28
historia.gif,gif,28
image035.jpg,jpg,28
jesus.jpg,jpg,28
link1.jpg,jpg,28
s2.gif,gif,28
046.jpg,jpg,27
103.gif,gif,27
A.gif,gif,27
E.gif,gif,27
arroba.gif,gif,27
awards.jpg,jpg,27
blebul1a.gif,gif,27
button1B.jpg,jpg,27
c5.jpg,jpg,27
enter2.gif,gif,27
f2.gif,gif,27
foro.gif,gif,27
foto10.jpg,jpg,27
